Hour,Hydrogen dispensed (on-site)
1,23.59894478
2,0
3,2.275393772
4,0
5,0
6,11.98975637
7,36.27654132
8,62.93957971
9,44.17572756
10,64.77876299
11,70.12737075
12,63.79630836
13,101.5726881
14,45.96765045
15,79.40842238
16,86.95815766
17,122.7773356
18,58.77165995
19,92.48658612
20,39.87799074
21,32.35176968
22,11.16303706
23,24.11035363
24,10.11688634
